Variable,Mean,Median,SD,N,perc
Population,4102.55412371134,3959.5,1667.620528488785,388,NA
Housing Units,1883.0670103092784,1900,653.9837378315646,388,NA
Households,1698.7860824742268,1693.5,612.0363039274564,388,NA
Ppl Below 150% Poverty,1321.0231958762886,1095,999.297250217673,388,32.20001872105069
BIPOC Residents,2725.907216494845,2412.5,1774.3064333801958,388,66.4441500171819
Households with no vehicle,478.2216494845361,430,307.13870368727305,388,28.15078687176562
Percent of Overcrowded Housing Units,2.9105670103092782,1.9,3.2256348353626842,388,2.9105670103092782
People 25+ w/o high school diploma,367.20360824742266,298,324.4707354726484,388,27.85756323798835
